{
  "freshchat_domain": {
    "display_name": "Freshchat domain",
    "description": "Please enter Freshchat subdomain - Example:https://yourdomain.freshdesk.com",
    "type": "text",
    "required": true
  },
  "freshChat_key": {
    "display_name": "Freshchat API Token",
    "description": "Please enter your api_token",
    "type": "text",
    "secure": true,
    "required": true,
    "type_attributes": {
      "product": "freshchat"
    }
  },
  "webhook_url": {
    "display_name": "Kakao webhook URL",
    "type": "text",
    "required": true
  },
  "Kakao_Client_ID": {
    "display_name": "ID for the Kakao Client",
    "description": "This can be retrieved with the help of HappyTalk(e.g.: IA2drtaL5KP3ezci)",
    "type": "text",
    "required": true
  },
  "Kakao_Client_Secret": {
    "display_name": "Secret for the Kakao Client",
    "description": "This can be retrieved with the help of HappyTalk(e.g.: JT7zqnVY6I)",
    "type": "text",
    "secure": true,
    "required": true
  },
  "Kakao_Account_Id": {
    "display_name": "Id for the business’s Channel on Kakao",
    "description": "This is an Id that a business can choose for themselves when setting up their Kakao Business account channel(e.g.: @accountname1000)",
    "type": "text",
    "required": true
  },
  "Kakao_Sender_Key": {
    "display_name": "Id for the Kakao Channel chat entity/user",
    "description": "This can be retrieved with the help of HappyTalk(e.g.: 5759a63c620431c819b3987029b9cf56adb7d250)",
    "type": "text",
    "secure": true,
    "required": true
  },
  "channel_list": {
    "display_name": "Select a channel",
    "description": "Please select a channel from the list",
    "type": "dropdown",
    "required": true,
    "events": [{ "change": "chennalList" }],
    "options": ["opt1", "opt2", "opt3"],
    "default_value": "opt1"
  },
  "group_list": {
    "display_name": "Select a Group",
    "description": "Please select a group from the list",
    "type": "dropdown",
    "required": true,
    "events": [{ "change": "groupList" }],
    "options": ["opt1", "opt2", "opt3"],
    "default_value": "opt1"
  }
}
